1,Kpop 2015,https://www.youtube.com/watch?v=8NaeaLW8CLY
2,Kpop 2015,https://www.youtube.com/watch?v=0rtV5esQT6I
3,Kpop 2015,https://www.youtube.com/watch?v=7WPFE78UiW0
4,Kpop 2015,https://www.youtube.com/watch?v=4OrCA1OInoo
5,Kpop 2015,https://www.youtube.com/watch?v=nKQvL-jzvvw
6,Kpop 2015,https://www.youtube.com/watch?v=8mYCjGdlqxE
7,Kpop 2015,https://www.youtube.com/watch?v=T0iPB_JyS5g
8,Kpop 2015,https://www.youtube.com/watch?v=xMZ5nK5G71o
9,Kpop 2015,https://www.youtube.com/watch?v=CkY8I7s_TOA
10,Kpop 2015,https://www.youtube.com/watch?v=6cBQ9DzpQRk
11,Kpop 2015,https://www.youtube.com/watch?v=MKbwrcIjfy8
12,Kpop 2015,https://www.youtube.com/watch?v=XGdbaEDVWp0
13,Kpop 2015,https://www.youtube.com/watch?v=x3sFsHrUyLQ
14,Kpop 2015,https://www.youtube.com/watch?v=fzDfe-caCBw
15,Kpop 2015,https://www.youtube.com/watch?v=dvPx0Dz0Z3Y
16,Kpop 2015,https://www.youtube.com/watch?v=hJYGddE0vHc
17,Kpop 2015,https://www.youtube.com/watch?v=55I7BIcysFQ
18,Kpop 2015,https://www.youtube.com/watch?v=nVCubhQ454c
19,Kpop 2015,https://www.youtube.com/watch?v=q1Jkfyn0tC0
20,Kpop 2015,https://www.youtube.com/watch?v=5W7GSJ-4ZqQ
21,Kpop 2015,https://www.youtube.com/watch?v=M4ohgO3Ofp8
22,Kpop 2015,https://www.youtube.com/watch?v=9jTo6hTZmiQ
23,Kpop 2015,https://www.youtube.com/watch?v=CDhfIgS4aAo
24,Kpop 2015,https://www.youtube.com/watch?v=maSoUetHock
25,Kpop 2015,https://www.youtube.com/watch?v=VwTmYFKkDbk
26,Kpop 2015,https://www.youtube.com/watch?v=8JQJ83aFNo8
27,Kpop 2015,https://www.youtube.com/watch?v=m-CKVr6Z1Tw
28,Kpop 2015,https://www.youtube.com/watch?v=BziPov944O4
29,Kpop 2015,https://www.youtube.com/watch?v=FYqfHaAkplw
30,Kpop 2015,https://www.youtube.com/watch?v=gOwERHxXcTs
31,Kpop 2015,https://www.youtube.com/watch?v=nzljAKtsOuw
32,Kpop 2015,https://www.youtube.com/watch?v=a5seeyaBMsc
33,Kpop 2015,https://www.youtube.com/watch?v=vfJUhXyt8iw
34,Kpop 2015,https://www.youtube.com/watch?v=egqDPipqIAg
35,Kpop 2015,https://www.youtube.com/watch?v=eGLUeMdUSAk
36,Kpop 2015,https://www.youtube.com/watch?v=XP7dMPSqtO0
37,Kpop 2015,https://www.youtube.com/watch?v=kUGQ7Tz4os0
38,Kpop 2015,https://www.youtube.com/watch?v=b09U0KLv6I4
39,Kpop 2015,https://www.youtube.com/watch?v=c-cOZgaotPY
40,Kpop 2015,https://www.youtube.com/watch?v=37noiLM8POg
41,Kpop 2015,https://www.youtube.com/watch?v=rNX6vPKoMwo
42,Kpop 2015,https://www.youtube.com/watch?v=RLvpGqLdHZg
43,Kpop 2015,https://www.youtube.com/watch?v=NTkcMFu-81s
44,Kpop 2015,https://www.youtube.com/watch?v=3qmsJbJasfo
45,Kpop 2015,https://www.youtube.com/watch?v=p0dKKDO3ooc
46,Kpop 2015,https://www.youtube.com/watch?v=3lcblxEZFM8
47,Kpop 2015,https://www.youtube.com/watch?v=glXgSSOKlls
48,Kpop 2015,https://www.youtube.com/watch?v=XC07aAGbBPc
49,Kpop 2015,https://www.youtube.com/watch?v=xq3NB3U0Ps8
50,Kpop 2015,https://www.youtube.com/watch?v=Pv9R-dhmYPk
51,Cafe Time,https://www.youtube.com/watch?v=Y4mH2KvzUQ0
52,Cafe Time,https://www.youtube.com/watch?v=x2XX3cNW4K0
53,Cafe Time,https://www.youtube.com/watch?v=DTl4Ib4qbzg
54,Cafe Time,https://www.youtube.com/watch?v=0Oi8jDMvd_w
55,Cafe Time,https://www.youtube.com/watch?v=ouR4nn1G9r4
56,Cafe Time,https://www.youtube.com/watch?v=sUCIzn0mRHc
57,Cafe Time,https://www.youtube.com/watch?v=Y-FhDScM_2w
58,Cafe Time,https://www.youtube.com/watch?v=9KVVPxexz1c
59,Cafe Time,https://www.youtube.com/watch?v=nkfMN-jaycA
60,Cafe Time,https://www.youtube.com/watch?v=fL_q3aaG8IE
61,Cafe Time,https://www.youtube.com/watch?v=Skhwqq-iGQM
62,Cafe Time,https://www.youtube.com/watch?v=zRJ4IzpfVUs
63,Cafe Time,https://www.youtube.com/watch?v=2GRP1rkE4O0
64,Cafe Time,https://www.youtube.com/watch?v=mZJnZD1UbA8
65,Cafe Time,https://www.youtube.com/watch?v=EC7YT_ouhOk
66,Cafe Time,https://www.youtube.com/watch?v=oSC47Yp-Hpg
67,Cafe Time,https://www.youtube.com/watch?v=kTVvtlfU-Ts
68,Cafe Time,https://www.youtube.com/watch?v=JcN_LFvJJQc
69,Cafe Time,https://www.youtube.com/watch?v=Grt7I9dZ1Jc
70,Cafe Time,https://www.youtube.com/watch?v=B_3GgvcE48Y
71,Cafe Time,https://www.youtube.com/watch?v=KFSzMegd7hs
72,Cafe Time,https://www.youtube.com/watch?v=rlEfUlCrTgc
73,Cafe Time,https://www.youtube.com/watch?v=fPfOkWJBByU
74,Cafe Time,https://www.youtube.com/watch?v=oFmfi1vM7co
75,Cafe Time,https://www.youtube.com/watch?v=TKD03uPVD-Q
76,Cafe Time,https://www.youtube.com/watch?v=2ips2mM7Zqw
77,Cafe Time,https://www.youtube.com/watch?v=OmJYbdRfDNQ
78,Cafe Time,https://www.youtube.com/watch?v=QFizzuUwkHg
79,Cafe Time,https://www.youtube.com/watch?v=g9JehiN6Vxk
80,Cafe Time,https://www.youtube.com/watch?v=aKRTpMR-Mx4
81,Cafe Time,https://www.youtube.com/watch?v=qsAJT3t_1q0
82,Cafe Time,https://www.youtube.com/watch?v=rsvKskQcFD4
83,Cafe Time,https://www.youtube.com/watch?v=2D_AU8-2QWY
84,Cafe Time,https://www.youtube.com/watch?v=jt94dqu30T8
85,Cafe Time,https://www.youtube.com/watch?v=8vL_nWjFTPk
86,Cafe Time,https://www.youtube.com/watch?v=Ee6cb5YAWkE
87,Cafe Time,https://www.youtube.com/watch?v=zB8oLFAvpDo
88,Cafe Time,https://www.youtube.com/watch?v=ISz-RZXZaLE
89,Cafe Time,https://www.youtube.com/watch?v=w9M_eQ824vg
90,Cafe Time,https://www.youtube.com/watch?v=Riut374Tdrk
91,Cafe Time,https://www.youtube.com/watch?v=Is6l1_l66t0
92,Cafe Time,https://www.youtube.com/watch?v=9MJknUv8khs
93,Cafe Time,https://www.youtube.com/watch?v=b5La9ATu1-8
94,Cafe Time,https://www.youtube.com/watch?v=f55G1xQrjPc
95,Cafe Time,https://www.youtube.com/watch?v=JS_SCqODPdA
96,Cafe Time,https://www.youtube.com/watch?v=-MwM5MhssDM
97,Cafe Time,https://www.youtube.com/watch?v=XufsuVPudzQ
98,Cafe Time,https://www.youtube.com/watch?v=hllHlguxp4c
99,Cafe Time,https://www.youtube.com/watch?v=SOWUTAPgnjA
100,Cafe Time,https://www.youtube.com/watch?v=75KBwVtd_W0
101,Study & Focus,https://www.youtube.com/watch?v=0Gb14PcUuIY
102,Study & Focus,https://www.youtube.com/watch?v=vPTOmDE-yKs
103,Study & Focus,https://www.youtube.com/watch?v=uNRhuKVaCY8
104,Study & Focus,https://www.youtube.com/watch?v=-Akvj0E7iyw
105,Study & Focus,https://www.youtube.com/watch?v=xQmbapQJiTM
106,Study & Focus,https://www.youtube.com/watch?v=OPojn2sXP5w
107,Study & Focus,https://www.youtube.com/watch?v=0TPCc-sTL_4
108,Study & Focus,https://www.youtube.com/watch?v=0_1MyxmGCoY
109,Study & Focus,https://www.youtube.com/watch?v=lR1qhJQHEXA
110,Study & Focus,https://www.youtube.com/watch?v=YxSgjzhEKiA
111,Study & Focus,https://www.youtube.com/watch?v=3TnR6akg-ww
112,Study & Focus,https://www.youtube.com/watch?v=Q0-D8NhN6Yc
113,Study & Focus,https://www.youtube.com/watch?v=OZJ1hnLdyM0
114,Study & Focus,https://www.youtube.com/watch?v=arYUjuFMVYA
115,Study & Focus,https://www.youtube.com/watch?v=w9M_eQ824vg
116,Study & Focus,https://www.youtube.com/watch?v=Rf0sJyeXacE
117,Study & Focus,https://www.youtube.com/watch?v=HlNEzJOdEYU
118,Study & Focus,https://www.youtube.com/watch?v=NFJ10iqNgMo
119,Study & Focus,https://www.youtube.com/watch?v=DP2w36k5H0U
120,Study & Focus,https://www.youtube.com/watch?v=evRLo-GoYXQ
121,Study & Focus,https://www.youtube.com/watch?v=oultNB1gnpg
122,Study & Focus,https://www.youtube.com/watch?v=hp-y-vnBCw0
123,Study & Focus,https://www.youtube.com/watch?v=evRLo-GoYXQ
124,Study & Focus,https://www.youtube.com/watch?v=pr8L63C73yE
125,Study & Focus,https://www.youtube.com/watch?v=GWstUtai78A
126,Study & Focus,https://www.youtube.com/watch?v=lMj0hOHhtio
127,Study & Focus,https://www.youtube.com/watch?v=8vn4iWdJlR4
128,Study & Focus,https://www.youtube.com/watch?v=sUCIzn0mRHc
129,Study & Focus,https://www.youtube.com/watch?v=x2XX3cNW4K0
130,Study & Focus,https://www.youtube.com/watch?v=lC4kLPBZdGU
131,Study & Focus,https://www.youtube.com/watch?v=nL-nKH2uVmM
132,Study & Focus,https://www.youtube.com/watch?v=UMVh1cVLHFE
133,Study & Focus,https://www.youtube.com/watch?v=DOmnfmXlZCc
134,Study & Focus,https://www.youtube.com/watch?v=TV8jLijZgj8
135,Study & Focus,https://www.youtube.com/watch?v=S3IdAgWPvxg
136,Study & Focus,https://www.youtube.com/watch?v=i_XfXnFAUbA
137,Study & Focus,https://www.youtube.com/watch?v=89ItUebEa8c
138,Study & Focus,https://www.youtube.com/watch?v=wCMdX13kLUc
139,Study & Focus,https://www.youtube.com/watch?v=XXbiwEbj6GE
140,Study & Focus,https://www.youtube.com/watch?v=idg_wwO9Ejs
141,Study & Focus,https://www.youtube.com/watch?v=OsCLXDFvyDs
142,Study & Focus,https://www.youtube.com/watch?v=tIUM-uck4FE
143,Study & Focus,https://www.youtube.com/watch?v=81x42ZxjjdI
144,Study & Focus,https://www.youtube.com/watch?v=8kyG5tTZ1iE
145,Study & Focus,https://www.youtube.com/watch?v=wEqqym5xb4s
146,Study & Focus,https://www.youtube.com/watch?v=QGzsJ_d6AOA
147,Study & Focus,https://www.youtube.com/watch?v=GBq4ojFm5IY
148,Study & Focus,https://www.youtube.com/watch?v=307VvVYUd3U
149,Study & Focus,https://www.youtube.com/watch?v=siXur9mdYmM
150,Study & Focus,https://www.youtube.com/watch?v=-C2Hvdrnpso
151,K-Drama,https://www.youtube.com/watch?v=INW7qd3bOKs
152,K-Drama,https://www.youtube.com/watch?v=INW7qd3bOKs
153,K-Drama,https://www.youtube.com/watch?v=SdI_9UsI4ms
154,K-Drama,https://www.youtube.com/watch?v=ZH8BYNwmR5Q
155,K-Drama,https://www.youtube.com/watch?v=79xUV3VXbC4
156,K-Drama,https://www.youtube.com/watch?v=DWldOgK2A5U
157,K-Drama,https://www.youtube.com/watch?v=FQPbjloT8nA
158,K-Drama,https://www.youtube.com/watch?v=YU110FX_sM8
159,K-Drama,https://www.youtube.com/watch?v=tIUM-uck4FE
160,K-Drama,https://www.youtube.com/watch?v=mbhklqE4aV4
161,K-Drama,https://www.youtube.com/watch?v=QSK5CQ9WcNc
162,K-Drama,https://www.youtube.com/watch?v=1E3ikzMfFDg
163,K-Drama,https://www.youtube.com/watch?v=sHzDOL9Bm18
164,K-Drama,https://www.youtube.com/watch?v=2wiNg-EJ1Pg
165,K-Drama,https://www.youtube.com/watch?v=cyzuJT8KVP0
166,K-Drama,https://www.youtube.com/watch?v=8LYjToGNKCQ
167,K-Drama,https://www.youtube.com/watch?v=ZmK_2K_CjSQ
168,K-Drama,https://www.youtube.com/watch?v=heL_O_m5aJY
169,K-Drama,https://www.youtube.com/watch?v=GprM-A_lSPY
170,K-Drama,https://www.youtube.com/watch?v=DjW09N8LWpg
171,K-Drama,https://www.youtube.com/watch?v=Q81Fdfoto4o
172,K-Drama,https://www.youtube.com/watch?v=pdiicDTA_co
173,K-Drama,https://www.youtube.com/watch?v=DmF65aN6U0g
174,K-Drama,https://www.youtube.com/watch?v=xYCTVDgYgV8
175,K-Drama,https://www.youtube.com/watch?v=tzF4DODg-K0
176,K-Drama,https://www.youtube.com/watch?v=2V7XndLU4lA
177,K-Drama,https://www.youtube.com/watch?v=TMz7Sle5CiI
178,K-Drama,https://www.youtube.com/watch?v=nWzXTeTN3Ts
179,K-Drama,https://www.youtube.com/watch?v=7QnJDEs58Bk
180,K-Drama,https://www.youtube.com/watch?v=yUuAgsAmAy4
181,K-Drama,https://www.youtube.com/watch?v=m1bOUqhDy_I
182,K-Drama,https://www.youtube.com/watch?v=m6p8SMsdnq4
183,K-Drama,https://www.youtube.com/watch?v=5SC_9JMQhRk
184,K-Drama,https://www.youtube.com/watch?v=yT4ePAzVt_0
185,K-Drama,https://www.youtube.com/watch?v=WL5Q6CNOzo0
186,K-Drama,https://www.youtube.com/watch?v=543LcwczI2E
187,K-Drama,https://www.youtube.com/watch?v=SUTERC9VUIA
188,K-Drama,https://www.youtube.com/watch?v=Ts9hB8AHKWI
189,K-Drama,https://www.youtube.com/watch?v=pwcxpfiAoEQ
190,K-Drama,https://www.youtube.com/watch?v=7Bpi16UJH1g
191,K-Drama,https://www.youtube.com/watch?v=ely-RHucmUM
192,K-Drama,https://www.youtube.com/watch?v=YZhIPZGKUoU
193,K-Drama,https://www.youtube.com/watch?v=M4XZcHPeTJA
194,K-Drama,https://www.youtube.com/watch?v=Wj5QcOXHDQc
195,K-Drama,https://www.youtube.com/watch?v=vPB2RbL7SuI
196,K-Drama,https://www.youtube.com/watch?v=HCpvDBVU6SY
197,K-Drama,https://www.youtube.com/watch?v=nU_R32k7fPE
198,K-Drama,https://www.youtube.com/watch?v=lAAteWGK5VE
199,K-Drama,https://www.youtube.com/watch?v=cwkd7yZD7AI
200,K-Drama,https://www.youtube.com/watch?v=uY_Q-NqnpH0
201,K-Classics,https://www.youtube.com/watch?v=KdFjcbGm8R8
202,K-Classics,https://www.youtube.com/watch?v=KdFjcbGm8R8
203,K-Classics,https://www.youtube.com/watch?v=zHSDFrDHNwM
204,K-Classics,https://www.youtube.com/watch?v=4yzFVoYHzeI
205,K-Classics,https://www.youtube.com/watch?v=H-YZNgZkgcc
206,K-Classics,https://www.youtube.com/watch?v=uvQyRz9nJOc
207,K-Classics,https://www.youtube.com/watch?v=1Et1vmdSsTA
208,K-Classics,https://www.youtube.com/watch?v=bPtAL5ZbPus
209,K-Classics,https://www.youtube.com/watch?v=Mgc8khMXNgM
210,K-Classics,https://www.youtube.com/watch?v=7m8YrGAxiac
211,K-Classics,https://www.youtube.com/watch?v=7oBfZAgBZJA
212,K-Classics,https://www.youtube.com/watch?v=Ky8o2PEbRXs
213,K-Classics,https://www.youtube.com/watch?v=FL285FjFT74
214,K-Classics,https://www.youtube.com/watch?v=z3qLUZ6r2e8
215,K-Classics,https://www.youtube.com/watch?v=yZmiQ1u3388
216,K-Classics,https://www.youtube.com/watch?v=lPoFXAwZp5k
217,K-Classics,https://www.youtube.com/watch?v=l9Vl57EtTCM
218,K-Classics,https://www.youtube.com/watch?v=dMBhP-DecvU
219,K-Classics,https://www.youtube.com/watch?v=OEDHEzs5kyk
220,K-Classics,https://www.youtube.com/watch?v=2sa4vzJtJDk
221,K-Classics,https://www.youtube.com/watch?v=cENP3aul9lQ
222,K-Classics,https://www.youtube.com/watch?v=Bq_4sshF8D4
223,K-Classics,https://www.youtube.com/watch?v=dxqJ-MGOKhQ
224,K-Classics,https://www.youtube.com/watch?v=dxqJ-MGOKhQ
225,K-Classics,https://www.youtube.com/watch?v=p-vaLQk8aW4
226,K-Classics,https://www.youtube.com/watch?v=4DC9vQfNkDA
227,K-Classics,https://www.youtube.com/watch?v=aqrrYyFll8E
228,K-Classics,https://www.youtube.com/watch?v=6sz4ZvK0WeY
229,K-Classics,https://www.youtube.com/watch?v=UBjqkEKFBnc
230,K-Classics,https://www.youtube.com/watch?v=x_JkhBrKFsM
231,K-Classics,https://www.youtube.com/watch?v=rGGPG0Hbh8w
232,K-Classics,https://www.youtube.com/watch?v=wY5LFLUKTP4
233,K-Classics,https://www.youtube.com/watch?v=a2YbTm8PJ4k
234,K-Classics,https://www.youtube.com/watch?v=QLqmYvgxCwo
235,K-Classics,https://www.youtube.com/watch?v=f7QC3dZnayg
236,K-Classics,https://www.youtube.com/watch?v=iZVKh_LEnUg
237,K-Classics,https://www.youtube.com/watch?v=JCLRGf1Sljw
238,K-Classics,https://www.youtube.com/watch?v=LZgV0ynG9pQ
239,K-Classics,https://www.youtube.com/watch?v=OxgiiyLp5pk
240,K-Classics,https://www.youtube.com/watch?v=hXiCB6SZp4U
241,K-Classics,https://www.youtube.com/watch?v=yLZ1ZRImmeQ
242,K-Classics,https://www.youtube.com/watch?v=wPDBZGxXE90
243,K-Classics,https://www.youtube.com/watch?v=Kw21avtnqss
244,K-Classics,https://www.youtube.com/watch?v=xsMgxj2lP9g
245,K-Classics,https://www.youtube.com/watch?v=xB21QWJtQys
246,K-Classics,https://www.youtube.com/watch?v=E8FUxoAO-wc
247,K-Classics,https://www.youtube.com/watch?v=vv5gU_HWxJw
248,K-Classics,https://www.youtube.com/watch?v=kowfLIRpQaU
249,K-Classics,https://www.youtube.com/watch?v=sTeT-MvsmVc
250,K-Classics,https://www.youtube.com/watch?v=tOnJ0WgNW0I
251,Rainy Days,https://www.youtube.com/watch?v=PL8ozgHOdO8
252,Rainy Days,https://www.youtube.com/watch?v=XGO_WOOPtP8
253,Rainy Days,https://www.youtube.com/watch?v=xO9sr37IU9o
254,Rainy Days,https://www.youtube.com/watch?v=TmhdP3jglUE
255,Rainy Days,https://www.youtube.com/watch?v=prurE5jKrBg
256,Rainy Days,https://www.youtube.com/watch?v=1P1hDHPdiIU
257,Rainy Days,https://www.youtube.com/watch?v=Opt74EcryHM
258,Rainy Days,https://www.youtube.com/watch?v=HFBqVfxtd44
259,Rainy Days,https://www.youtube.com/watch?v=DqnGBWAW7wQ
260,Rainy Days,https://www.youtube.com/watch?v=nB3kwVRZ5zE
261,Rainy Days,https://www.youtube.com/watch?v=pyKVdFeTDe4
262,Rainy Days,https://www.youtube.com/watch?v=DTlZX5gIA44
263,Rainy Days,https://www.youtube.com/watch?v=6jOgSk4J7p4
264,Rainy Days,https://www.youtube.com/watch?v=WN0ezhCeJBU
265,Rainy Days,https://www.youtube.com/watch?v=fUIEZGhhKu4
266,Rainy Days,https://www.youtube.com/watch?v=w8Qyq8PVVwU
267,Rainy Days,https://www.youtube.com/watch?v=N4upXT7_Fqc
268,Rainy Days,https://www.youtube.com/watch?v=oWHNBgxKJfM
269,Rainy Days,https://www.youtube.com/watch?v=GoDc5Wlotio
270,Rainy Days,https://www.youtube.com/watch?v=D5dnKJUBURw
271,Rainy Days,https://www.youtube.com/watch?v=LVkWd44D_8g
272,Rainy Days,https://www.youtube.com/watch?v=tn5BvWWdjkY
273,Rainy Days,https://www.youtube.com/watch?v=zzC3HXA50cs
274,Rainy Days,https://www.youtube.com/watch?v=HI4eEhgz8eQ
275,Rainy Days,https://www.youtube.com/watch?v=GF3XXzYhp4E
276,Rainy Days,https://www.youtube.com/watch?v=kiKwuz85Ar4
277,Rainy Days,https://www.youtube.com/watch?v=9vpTJkUVqY0
278,Rainy Days,https://www.youtube.com/watch?v=3GkaYIkUrb0
279,Rainy Days,https://www.youtube.com/watch?v=l2ZXD3qUE4M
280,Rainy Days,https://www.youtube.com/watch?v=OuphzAY0nMo
281,Rainy Days,https://www.youtube.com/watch?v=i1wDA9ALKwU
282,Rainy Days,https://www.youtube.com/watch?v=3_yFPQ5Wa3E
283,Rainy Days,https://www.youtube.com/watch?v=7puyeSJt4-c
284,Rainy Days,https://www.youtube.com/watch?v=LSjxSzLb1UI
285,Rainy Days,https://www.youtube.com/watch?v=OpHMmZifYnM
286,Rainy Days,https://www.youtube.com/watch?v=1KtpinQW1DM
287,Rainy Days,https://www.youtube.com/watch?v=coY_hm6Wv7Q
288,Rainy Days,https://www.youtube.com/watch?v=QhuQCBGwSfQ
289,Rainy Days,https://www.youtube.com/watch?v=MCYROijMeQM
290,Rainy Days,https://www.youtube.com/watch?v=eBNHdZsfPuY
291,Rainy Days,https://www.youtube.com/watch?v=dLxqqb18rvs
292,Rainy Days,https://www.youtube.com/watch?v=EGnEEPUHRwY
293,Rainy Days,https://www.youtube.com/watch?v=-Z3z10GFJ-0
294,Rainy Days,https://www.youtube.com/watch?v=D07Q2k04uCU
295,Rainy Days,https://www.youtube.com/watch?v=fWBU-Wro4UQ
296,Rainy Days,https://www.youtube.com/watch?v=tn5BvWWdjkY
297,Rainy Days,https://www.youtube.com/watch?v=CswVLM2fLJ4
298,Rainy Days,https://www.youtube.com/watch?v=FsaPF9Ubbig
299,Rainy Days,https://www.youtube.com/watch?v=4rqI5F5Gra8
300,Rainy Days,https://www.youtube.com/watch?v=oYcSmnigcxI
301,Calm,https://www.youtube.com/watch?v=HFhRWUHGM8s
302,Calm,https://www.youtube.com/watch?v=kh_2MXpNc78
303,Calm,https://www.youtube.com/watch?v=vQ1JAuBeVAE
304,Calm,https://www.youtube.com/watch?v=99GyFmnH59s
305,Calm,https://www.youtube.com/watch?v=mikudzy6Ddo
306,Calm,https://www.youtube.com/watch?v=gBfUV0y9RHA
307,Calm,https://www.youtube.com/watch?v=MG0AjpzqWo8
308,Calm,https://www.youtube.com/watch?v=S1yo32vqsfo
309,Calm,https://www.youtube.com/watch?v=ZrPglvZDAHY
310,Calm,https://www.youtube.com/watch?v=YzKrG8-fSlo
311,Calm,https://www.youtube.com/watch?v=N6XuSdLFa3E
312,Calm,https://www.youtube.com/watch?v=so6ExplQlaY
313,Calm,https://www.youtube.com/watch?v=-7K_nuuSPa0
314,Calm,https://www.youtube.com/watch?v=6A0i_PshKdk
315,Calm,https://www.youtube.com/watch?v=FAZs-igWrvc
316,Calm,https://www.youtube.com/watch?v=HmP2nP7PWdo
317,Calm,https://www.youtube.com/watch?v=Uh5MIui_aBI
318,Calm,https://www.youtube.com/watch?v=UdwXK4vBYdo
319,Calm,https://www.youtube.com/watch?v=wpdlsgG5Zw8
320,Calm,https://www.youtube.com/watch?v=lgs6Y0TImmU
321,Calm,https://www.youtube.com/watch?v=vQ1JAuBeVAE
322,Calm,https://www.youtube.com/watch?v=C4pLKhufcYg
323,Calm,https://www.youtube.com/watch?v=fp5QF-Yr30U
324,Calm,https://www.youtube.com/watch?v=4Vz7DsEPfuc
325,Calm,https://www.youtube.com/watch?v=axrfXTJ15FE
326,Calm,https://www.youtube.com/watch?v=0ybKiMSfAeE
327,Calm,https://www.youtube.com/watch?v=Oh6SBnstJoM
328,Calm,https://www.youtube.com/watch?v=g7yKQtemqOc
329,Calm,https://www.youtube.com/watch?v=Ad0o40C3j08
330,Calm,https://www.youtube.com/watch?v=XxAwc0kHMWk
331,Calm,https://www.youtube.com/watch?v=8_0arfgHoU8
332,Calm,https://www.youtube.com/watch?v=VyS7O1TTWNM
333,Calm,https://www.youtube.com/watch?v=mZmXiqKb918
334,Calm,https://www.youtube.com/watch?v=OzyUzQK0Ny0
335,Calm,https://www.youtube.com/watch?v=T-YkdHpKsp8
336,Calm,https://www.youtube.com/watch?v=vgbfJnRxmy8
337,Calm,https://www.youtube.com/watch?v=1PRsyUC16_U
338,Calm,https://www.youtube.com/watch?v=mEX_2G70y1U
339,Calm,https://www.youtube.com/watch?v=pr01mgMVIfs
340,Calm,https://www.youtube.com/watch?v=MireZiCGC8I
341,Calm,https://www.youtube.com/watch?v=I1TvWGh9EGo
342,Calm,https://www.youtube.com/watch?v=f0XwtfOwumU
343,Calm,https://www.youtube.com/watch?v=UpHxEuvk_Gk
344,Calm,https://www.youtube.com/watch?v=nhkdzzPtF54
345,Calm,https://www.youtube.com/watch?v=bvCQtoDVxE0
346,Calm,https://www.youtube.com/watch?v=RyvqRCgPXQs
347,Calm,https://www.youtube.com/watch?v=bUl1LN-aTe0
348,Calm,https://www.youtube.com/watch?v=DwvYa-GZT7o
349,Calm,https://www.youtube.com/watch?v=OYOGCGDCVeo
350,Calm,https://www.youtube.com/watch?v=HbFu-wS004s
351,Workout,https://www.youtube.com/watch?v=6cBQ9DzpQRk
352,Workout,https://www.youtube.com/watch?v=MKbwrcIjfy8
353,Workout,https://www.youtube.com/watch?v=XGdbaEDVWp0
354,Workout,https://www.youtube.com/watch?v=bXlrqQKbjSM
355,Workout,https://www.youtube.com/watch?v=gOwERHxXcTs
356,Workout,https://www.youtube.com/watch?v=vrdk3IGcau8
357,Workout,https://www.youtube.com/watch?v=z4sN05-xIs4
358,Workout,https://www.youtube.com/watch?v=pFuJAIMQjHk
359,Workout,https://www.youtube.com/watch?v=1pBgMBBsv4k
360,Workout,https://www.youtube.com/watch?v=u2pFB1dCSo4
361,Workout,https://www.youtube.com/watch?v=-sjfQWGkGF4
362,Workout,https://www.youtube.com/watch?v=NMdTd9e-LEI
363,Workout,https://www.youtube.com/watch?v=1ELGunbuvqc
364,Workout,https://www.youtube.com/watch?v=Ov3MT0vdI9c
365,Workout,https://www.youtube.com/watch?v=kUGQ7Tz4os0
366,Workout,https://www.youtube.com/watch?v=b09U0KLv6I4
367,Workout,https://www.youtube.com/watch?v=c-cOZgaotPY
368,Workout,https://www.youtube.com/watch?v=RLvpGqLdHZg
369,Workout,https://www.youtube.com/watch?v=NTkcMFu-81s
370,Workout,https://www.youtube.com/watch?v=3qmsJbJasfo
371,Workout,https://www.youtube.com/watch?v=rNX6vPKoMwo
372,Workout,https://www.youtube.com/watch?v=lNV8iRlaGk8
373,Workout,https://www.youtube.com/watch?v=ShGVCembq70
374,Workout,https://www.youtube.com/watch?v=3H85SIUCY_I
375,Workout,https://www.youtube.com/watch?v=AJ29X5Dwang
376,Workout,https://www.youtube.com/watch?v=VSHNTMnQKrY
377,Workout,https://www.youtube.com/watch?v=lqlkQehhssk
378,Workout,https://www.youtube.com/watch?v=kRbIZtUS2Ag
379,Workout,https://www.youtube.com/watch?v=Dww9UjJ4Dt8
380,Workout,https://www.youtube.com/watch?v=Ihi_kJJj_8A
381,Workout,https://www.youtube.com/watch?v=1fOG_wcV_oU
382,Workout,https://www.youtube.com/watch?v=vb___tTA1po
383,Workout,https://www.youtube.com/watch?v=omRLij2knRk
384,Workout,https://www.youtube.com/watch?v=QlWZluzBNxM
385,Workout,https://www.youtube.com/watch?v=wq7ftOZBy0E
386,Workout,https://www.youtube.com/watch?v=e6HQSh9w-kY
387,Workout,https://www.youtube.com/watch?v=R9U5ZiqR-Xo
388,Workout,https://www.youtube.com/watch?v=p6XLNsJ9YrA
389,Workout,https://www.youtube.com/watch?v=gqhWHy0rrtM
390,Workout,https://www.youtube.com/watch?v=hHd_8iZFvK8
391,Workout,https://www.youtube.com/watch?v=Qk52ypnGs68
392,Workout,https://www.youtube.com/watch?v=hKbNV-4b_g8
393,Workout,https://www.youtube.com/watch?v=Z8j_XEn9b_8
394,Workout,https://www.youtube.com/watch?v=vLbfv-AAyvQ
395,Workout,https://www.youtube.com/watch?v=4xLFxfXWDUk
396,Workout,https://www.youtube.com/watch?v=iv-8-EgPEY0
397,Workout,https://www.youtube.com/watch?v=QB4dQcxgJPY
398,Workout,https://www.youtube.com/watch?v=9txzvu6eQuw
399,Workout,https://www.youtube.com/watch?v=oTXCgR93zC8
400,Workout,https://www.youtube.com/watch?v=hfXZ6ydgZyo
401,K-Chillax,https://www.youtube.com/watch?v=iRGOb6aKcgw
402,K-Chillax,https://www.youtube.com/watch?v=alZ9hvgfIk4
403,K-Chillax,https://www.youtube.com/watch?v=ouR4nn1G9r4
404,K-Chillax,https://www.youtube.com/watch?v=75KBwVtd_W0
405,K-Chillax,https://www.youtube.com/watch?v=VTZhCpuVDg4
406,K-Chillax,https://www.youtube.com/watch?v=RaxX-9u48r0
407,K-Chillax,https://www.youtube.com/watch?v=RaxX-9u48r0
408,K-Chillax,https://www.youtube.com/watch?v=EH_k_1Ah4gk
409,K-Chillax,https://www.youtube.com/watch?v=LTOI0WyekPA
410,K-Chillax,https://www.youtube.com/watch?v=ZuyNe3AmlSk
411,K-Chillax,https://www.youtube.com/watch?v=_xDveoVs24s
412,K-Chillax,https://www.youtube.com/watch?v=FI4eJ6w1MDE
413,K-Chillax,https://www.youtube.com/watch?v=8M6YYTnCzj8
414,K-Chillax,https://www.youtube.com/watch?v=wlztNOV162U
415,K-Chillax,https://www.youtube.com/watch?v=d0x-fvj1GUI
416,K-Chillax,https://www.youtube.com/watch?v=0Gb14PcUuIY
417,K-Chillax,https://www.youtube.com/watch?v=cPbbFFi0rzg
418,K-Chillax,https://www.youtube.com/watch?v=6GdjHNcG6uw
419,K-Chillax,https://www.youtube.com/watch?v=P3dwguoHwuM
420,K-Chillax,https://www.youtube.com/watch?v=1ev8HYenbqk
421,K-Chillax,https://www.youtube.com/watch?v=_W4V2mr_owo
422,K-Chillax,https://www.youtube.com/watch?v=mso2Aesmr3I
423,K-Chillax,https://www.youtube.com/watch?v=PdUiCJnRptk
424,K-Chillax,https://www.youtube.com/watch?v=tXV7dfvSefo
425,K-Chillax,https://www.youtube.com/watch?v=E4cz_X87Z90
426,K-Chillax,https://www.youtube.com/watch?v=xnYmVTgoI4o
427,K-Chillax,https://www.youtube.com/watch?v=LWkhjTxc6CY
428,K-Chillax,https://www.youtube.com/watch?v=yA3pylx6F-s
429,K-Chillax,https://www.youtube.com/watch?v=VVj_1tF6RuI
430,K-Chillax,https://www.youtube.com/watch?v=fhs55HEl-Gc
431,K-Chillax,https://www.youtube.com/watch?v=HlNEzJOdEYU
432,K-Chillax,https://www.youtube.com/watch?v=jz673fyHW3A
433,K-Chillax,https://www.youtube.com/watch?v=ZFgoqO2H-Zc
434,K-Chillax,https://www.youtube.com/watch?v=2oVBeiAAKXw
435,K-Chillax,https://www.youtube.com/watch?v=y3OKQFuiMD8
436,K-Chillax,https://www.youtube.com/watch?v=jLDOp4KkNgQ
437,K-Chillax,https://www.youtube.com/watch?v=aDBaLRg1Jj8
438,K-Chillax,https://www.youtube.com/watch?v=JETesvTO1CA
439,K-Chillax,https://www.youtube.com/watch?v=ScURmRUgZt0
440,K-Chillax,https://www.youtube.com/watch?v=Z94ySGqkxXM
441,K-Chillax,https://www.youtube.com/watch?v=0eVOTkaQJcA
442,K-Chillax,https://www.youtube.com/watch?v=0eVOTkaQJcA
443,K-Chillax,https://www.youtube.com/watch?v=v99LBMYTnQA
444,K-Chillax,https://www.youtube.com/watch?v=L4Af1G7XxTw
445,K-Chillax,https://www.youtube.com/watch?v=NPypriGW5KE
446,K-Chillax,https://www.youtube.com/watch?v=nkfMN-jaycA
447,K-Chillax,https://www.youtube.com/watch?v=Y-FhDScM_2w
448,K-Chillax,https://www.youtube.com/watch?v=_v_zSzM32Ts
449,K-Chillax,https://www.youtube.com/watch?v=-tp3s6KlSCg
450,K-Chillax,https://www.youtube.com/watch?v=GoKvwRIMJ0Y
451,Sunshine,https://www.youtube.com/watch?v=HslrJ1TyLXw
452,Sunshine,https://www.youtube.com/watch?v=odJgUQZDlOo
453,Sunshine,https://www.youtube.com/watch?v=0TPCc-sTL_4
454,Sunshine,https://www.youtube.com/watch?v=3J-0MJIlLeA
455,Sunshine,https://www.youtube.com/watch?v=t3ULhmadHkg
456,Sunshine,https://www.youtube.com/watch?v=sOSi0I_3EAc
457,Sunshine,https://www.youtube.com/watch?v=U7r-KsvUnog
458,Sunshine,https://www.youtube.com/watch?v=KlqpJLyv-6Y
459,Sunshine,https://www.youtube.com/watch?v=pY9TR_g2SIc
460,Sunshine,https://www.youtube.com/watch?v=fA-5NHjZY8A
461,Sunshine,https://www.youtube.com/watch?v=O-Ep0N5Eyeg
462,Sunshine,https://www.youtube.com/watch?v=yebXjZA60OQ
463,Sunshine,https://www.youtube.com/watch?v=h-3V0FwPzes
464,Sunshine,https://www.youtube.com/watch?v=zU3Ug5pw7sw
465,Sunshine,https://www.youtube.com/watch?v=4xLFxfXWDUk
466,Sunshine,https://www.youtube.com/watch?v=H-IJWqIHioA
467,Sunshine,https://www.youtube.com/watch?v=xF3MC8PWgJE
468,Sunshine,https://www.youtube.com/watch?v=zYoYoBtLqOY
469,Sunshine,https://www.youtube.com/watch?v=yGO84ZoYXts
470,Sunshine,https://www.youtube.com/watch?v=yWfsla_Uh80
471,Sunshine,https://www.youtube.com/watch?v=VCC4XQj4aUc
472,Sunshine,https://www.youtube.com/watch?v=9txzvu6eQuw
473,Sunshine,https://www.youtube.com/watch?v=3AI_Vc1ERec
474,Sunshine,https://www.youtube.com/watch?v=kP17DXAb2y0
475,Sunshine,https://www.youtube.com/watch?v=N9kbglPQONQ
476,Sunshine,https://www.youtube.com/watch?v=9rlgkwLasB8
477,Sunshine,https://www.youtube.com/watch?v=f_4NhMDNuGc
478,Sunshine,https://www.youtube.com/watch?v=GXJIl2eDGpY
479,Sunshine,https://www.youtube.com/watch?v=OFU7AcTwKZk
480,Sunshine,https://www.youtube.com/watch?v=YMVIhODfDNQ
481,Sunshine,https://www.youtube.com/watch?v=N3uNXNwdBdM
482,Sunshine,https://www.youtube.com/watch?v=KlNB3jzruQg
483,Sunshine,https://www.youtube.com/watch?v=KlNB3jzruQg
484,Sunshine,https://www.youtube.com/watch?v=hOekNBw9eG0
485,Sunshine,https://www.youtube.com/watch?v=tN1hJ6Nxi8Q
486,Sunshine,https://www.youtube.com/watch?v=MmbVcoa-hzY
487,Sunshine,https://www.youtube.com/watch?v=ofsbEuze7is
488,Sunshine,https://www.youtube.com/watch?v=IH3fL-GUBhQ
489,Sunshine,https://www.youtube.com/watch?v=elffyl3rF70
490,Sunshine,https://www.youtube.com/watch?v=IzYNiYXEUJc
491,Sunshine,https://www.youtube.com/watch?v=T9kJVi2hqNw
492,Sunshine,https://www.youtube.com/watch?v=2eZHdYWhd-E
493,Sunshine,https://www.youtube.com/watch?v=doFK7Eanm3I
494,Sunshine,https://www.youtube.com/watch?v=jzV74KdE3X0
495,Sunshine,https://www.youtube.com/watch?v=vDxsVYsMRyc
496,Sunshine,https://www.youtube.com/watch?v=9_kMBn9x8yk
497,Sunshine,https://www.youtube.com/watch?v=KuRaKDCrFp0
498,Sunshine,https://www.youtube.com/watch?v=4Go21Nqzhu8
499,Sunshine,https://www.youtube.com/watch?v=w_1Jqp5XIbY
500,Sunshine,https://www.youtube.com/watch?v=i2jBst-iroM